"Longitude (x)","Latitude (y)","Station Name","Climate ID","Date/Time","Year","Month","Day","Data Quality","Max Temp (°C)","Max Temp Flag","Min Temp (°C)","Min Temp Flag","Mean Temp (°C)","Mean Temp Flag","Heat Deg Days (°C)","Heat Deg Days Flag","Cool Deg Days (°C)","Cool Deg Days Flag","Total Rain (mm)","Total Rain Flag","Total Snow (cm)","Total Snow Flag","Total Precip (mm)","Total Precip Flag","Snow on Grnd (cm)","Snow on Grnd Flag","Dir of Max Gust (10s deg)","Dir of Max Gust Flag","Spd of Max Gust (km/h)","Spd of Max Gust Flag"
"-123.18","49.20","VANCOUVER INT'L A","1108447","1998-01-01","1998","01","01","","8.2","","1.9","","5.1","","12.9","","0.0","","5.3","","0.0","","5.3","","0","","30","","46",""
"-123.18","49.20","VANCOUVER INT'L A","1108447","1998-01-02","1998","01","02","","3.2","","-2.8","","0.2","","17.8","","0.0","","0.0","T","0.4","","0.4","","0","","","","<31",""
"-123.18","49.20","VANCOUVER INT'L A","1108447","1998-01-03","1998","01","03","","2.0","","-3.1","","-0.6","","18.6","","0.0","","0.0","","0.2","","0.2","","0","","","","<31",""
"-123.18","49.20","VANCOUVER INT'L A","1108447","1998-01-04","1998","01","04","","2.1","","-0.8","","0.7","","17.3","","0.0","","0.2","","6.0","","5.7","","1","","","","<31",""
"-123.18","49.20","VANCOUVER INT'L A","1108447","1998-01-05","1998","01","05","","6.7","","1.5","","4.1","","13.9","","0.0","","5.3","","0.0","","5.3","","0","","17","","35",""
"-123.18","49.20","VANCOUVER INT'L A","1108447","1998-01-06","1998","01","06","","6.7","","2.1","","4.4","","13.6","","0.0","","3.2","","0.0","","3.2","","0","","","","<31",""
"-123.18","49.20","VANCOUVER INT'L A","1108447","1998-01-07","1998","01","07","","5.3","","2.2","","3.8","","14.2","","0.0","","0.0","","0.0","","0.0","","0","","","","<31",""
"-123.18","49.20","VANCOUVER INT'L A","1108447","1998-01-08","1998","01","08","","5.4","","-2.9","","1.3","","16.7","","0.0","","0.2","","0.2","","0.4","","0","","32","","56",""
"-123.18","49.20","VANCOUVER INT'L A","1108447","1998-01-09","1998","01","09","","1.4","","-6.0","","-2.3","","20.3","","0.0","","0.0","","0.0","","0.0","","0","","","","<31",""
"-123.18","49.20","VANCOUVER INT'L A","1108447","1998-01-10","1998","01","10","","-0.4","","-7.1","","-3.8","","21.8","","0.0","","0.0","","0.0","","0.0","","0","","","","<31",""
"-123.18","49.20","VANCOUVER INT'L A","1108447","1998-01-11","1998","01","11","","-0.6","","-9.2","","-4.9","","22.9","","0.0","","0.0","","0.0","","0.0","","0","","","","<31",""
"-123.18","49.20","VANCOUVER INT'L A","1108447","1998-01-12","1998","01","12","","0.1","","-10.1","","-5.0","","23.0","","0.0","","0.0","","1.0","","1.0","","0","","","","<31",""
"-123.18","49.20","VANCOUVER INT'L A","1108447","1998-01-13","1998","01","13","","5.0","","-4.1","","0.5","","17.5","","0.0","","5.8","","7.5","","13.3","","6","","9","","35",""
"-123.18","49.20","VANCOUVER INT'L A","1108447","1998-01-14","1998","01","14","","9.7","","4.4","","7.1","","10.9","","0.0","","22.6","","0.0","","22.6","","0","","12","","50",""
"-123.18","49.20","VANCOUVER INT'L A","1108447","1998-01-15","1998","01","15","","10.2","","5.2","","7.7","","10.3","","0.0","","1.2","","0.0","","1.2","","0","","18","","39",""
"-123.18","49.20","VANCOUVER INT'L A","1108447","1998-01-16","1998","01","16","","7.3","","3.5","","5.4","","12.6","","0.0","","10.2","","0.0","","10.2","","0","","12","","44",""
"-123.18","49.20","VANCOUVER INT'L A","1108447","1998-01-17","1998","01","17","","10.3","","5.2","","7.8","","10.2","","0.0","","17.4","","0.0","","17.4","","0","","9","","37",""
"-123.18","49.20","VANCOUVER INT'L A","1108447","1998-01-18","1998","01","18","","11.6","","6.2","","8.9","","9.1","","0.0","","6.0","","0.0","","6.0","","0","","","","<31",""
"-123.18","49.20","VANCOUVER INT'L A","1108447","1998-01-19","1998","01","19","","9.1","","5.3","","7.2","","10.8","","0.0","","14.2","","0.0","","14.2","","0","","","","<31",""
"-123.18","49.20","VANCOUVER INT'L A","1108447","1998-01-20","1998","01","20","","9.5","","4.7","","7.1","","10.9","","0.0","","0.6","","0.0","","0.6","","0","","","","<31",""
"-123.18","49.20","VANCOUVER INT'L A","1108447","1998-01-21","1998","01","21","","6.9","","4.5","","5.7","","12.3","","0.0","","10.1","","0.0","","10.1","","0","","10","","41",""
"-123.18","49.20","VANCOUVER INT'L A","1108447","1998-01-22","1998","01","22","","8.5","","4.2","","6.4","","11.6","","0.0","","4.0","","0.0","","4.0","","0","","7","","35",""
"-123.18","49.20","VANCOUVER INT'L A","1108447","1998-01-23","1998","01","23","","11.0","","5.4","","8.2","","9.8","","0.0","","22.2","","0.0","","22.2","","0","","12","","56",""
"-123.18","49.20","VANCOUVER INT'L A","1108447","1998-01-24","1998","01","24","","10.7","","7.8","","9.3","","8.7","","0.0","","3.8","","0.0","","3.8","","0","","12","","50",""
"-123.18","49.20","VANCOUVER INT'L A","1108447","1998-01-25","1998","01","25","","10.4","","5.0","","7.7","","10.3","","0.0","","2.0","","0.0","","2.0","","0","","10","","48",""
"-123.18","49.20","VANCOUVER INT'L A","1108447","1998-01-26","1998","01","26","","10.5","","5.9","","8.2","","9.8","","0.0","","2.4","","0.0","","2.4","","0","","13","","44",""
"-123.18","49.20","VANCOUVER INT'L A","1108447","1998-01-27","1998","01","27","","9.3","","4.7","","7.0","","11.0","","0.0","","3.8","","0.0","","3.8","","0","","","","<31",""
"-123.18","49.20","VANCOUVER INT'L A","1108447","1998-01-28","1998","01","28","","10.7","","5.7","","8.2","","9.8","","0.0","","2.4","","0.0","","2.4","","0","","","","<31",""
"-123.18","49.20","VANCOUVER INT'L A","1108447","1998-01-29","1998","01","29","","10.2","","7.2","","8.7","","9.3","","0.0","","3.0","","0.0","","3.0","","0","","","","<31",""
"-123.18","49.20","VANCOUVER INT'L A","1108447","1998-01-30","1998","01","30","","11.9","","4.3","","8.1","","9.9","","0.0","","6.0","","0.0","","6.0","","0","","","","<31",""
"-123.18","49.20","VANCOUVER INT'L A","1108447","1998-01-31","1998","01","31","","11.7","","-0.1","","5.8","","12.2","","0.0","","0.0","","0.0","","0.0","","0","","","","<31",""
"-123.18","49.20","VANCOUVER INT'L A","1108447","1998-02-01","1998","02","01","","13.1","","1.8","","7.5","","10.5","","0.0","","1.1","","0.0","","1.1","","0","","14","","61",""
"-123.18","49.20","VANCOUVER INT'L A","1108447","1998-02-02","1998","02","02","","8.3","","3.3","","5.8","","12.2","","0.0","","2.4","","0.0","","2.4","","0","","","","<31",""
"-123.18","49.20","VANCOUVER INT'L A","1108447","1998-02-03","1998","02","03","","8.5","","0.4","","4.5","","13.5","","0.0","","0.0","","0.0","","0.0","","0","","29","","33",""
"-123.18","49.20","VANCOUVER INT'L A","1108447","1998-02-04","1998","02","04","","9.0","","6.6","","7.8","","10.2","","0.0","","2.4","","0.0","","2.4","","0","","","","<31",""
"-123.18","49.20","VANCOUVER INT'L A","1108447","1998-02-05","1998","02","05","","11.7","","5.1","","8.4","","9.6","","0.0","","1.2","","0.0","","1.2","","0","","9","","37",""
"-123.18","49.20","VANCOUVER INT'L A","1108447","1998-02-06","1998","02","06","","11.6","","5.1","","8.4","","9.6","","0.0","","0.0","T","0.0","","0.0","T","0","","","","<31",""
"-123.18","49.20","VANCOUVER INT'L A","1108447","1998-02-07","1998","02","07","","15.8","","7.8","","11.8","","6.2","","0.0","","0.0","","0.0","","0.0","","0","","","","<31",""
"-123.18","49.20","VANCOUVER INT'L A","1108447","1998-02-08","1998","02","08","","10.8","","6.5","","8.7","","9.3","","0.0","","6.0","","0.0","","6.0","","0","","13","","54",""
"-123.18","49.20","VANCOUVER INT'L A","1108447","1998-02-09","1998","02","09","","10.3","","3.7","","7.0","","11.0","","0.0","","0.0","T","0.0","","0.0","T","0","","","","<31",""
"-123.18","49.20","VANCOUVER INT'L A","1108447","1998-02-10","1998","02","10","","10.2","","4.6","","7.4","","10.6","","0.0","","1.2","","0.0","","1.2","","0","","10","","46",""
"-123.18","49.20","VANCOUVER INT'L A","1108447","1998-02-11","1998","02","11","","9.6","","5.5","","7.6","","10.4","","0.0","","1.0","","0.0","","1.0","","0","","","","<31",""
"-123.18","49.20","VANCOUVER INT'L A","1108447","1998-02-12","1998","02","12","","11.2","","5.9","","8.6","","9.4","","0.0","","20.0","","0.0","","20.0","","0","","8","","41",""
"-123.18","49.20","VANCOUVER INT'L A","1108447","1998-02-13","1998","02","13","","9.5","","6.0","","7.8","","10.2","","0.0","","0.0","T","0.0","","0.0","T","0","","13","","37",""
"-123.18","49.20","VANCOUVER INT'L A","1108447","1998-02-14","1998","02","14","","9.9","","4.1","","7.0","","11.0","","0.0","","1.6","","0.0","","1.6","","0","","9","","33",""
"-123.18","49.20","VANCOUVER INT'L A","1108447","1998-02-15","1998","02","15","","10.7","","6.2","","8.5","","9.5","","0.0","","1.9","","0.0","","1.9","","0","","","","<31",""
"-123.18","49.20","VANCOUVER INT'L A","1108447","1998-02-16","1998","02","16","","13.7","","3.4","","8.6","","9.4","","0.0","","0.0","","0.0","","0.0","","0","","","","<31",""
"-123.18","49.20","VANCOUVER INT'L A","1108447","1998-02-17","1998","02","17","","7.7","","3.5","","5.6","","12.4","","0.0","","5.0","","0.0","","5.0","","0","","","","<31",""
"-123.18","49.20","VANCOUVER INT'L A","1108447","1998-02-18","1998","02","18","","11.6","","6.7","","9.2","","8.8","","0.0","","5.3","","0.0","","5.3","","0","","12","","63",""
"-123.18","49.20","VANCOUVER INT'L A","1108447","1998-02-19","1998","02","19","","12.6","","7.3","","10.0","","8.0","","0.0","","2.2","","0.0","","2.2","","0","","12","","57",""
"-123.18","49.20","VANCOUVER INT'L A","1108447","1998-02-20","1998","02","20","","10.1","","7.6","","8.9","","9.1","","0.0","","2.2","","0.0","","2.2","","0","","13","","63",""
"-123.18","49.20","VANCOUVER INT'L A","1108447","1998-02-21","1998","02","21","","8.6","","4.7","","6.7","","11.3","","0.0","","1.6","","0.0","","1.6","","0","","16","","48",""
"-123.18","49.20","VANCOUVER INT'L A","1108447","1998-02-22","1998","02","22","","8.9","","3.7","","6.3","","11.7","","0.0","","4.0","","0.0","","4.0","","0","","24","","43",""
"-123.18","49.20","VANCOUVER INT'L A","1108447","1998-02-23","1998","02","23","","7.2","","1.9","","4.6","","13.4","","0.0","","1.2","","0.0","","1.2","","0","","25","","37",""
"-123.18","49.20","VANCOUVER INT'L A","1108447","1998-02-24","1998","02","24","","8.7","","-1.5","","3.6","","14.4","","0.0","","0.0","T","0.0","","0.0","T","0","","","","<31",""
"-123.18","49.20","VANCOUVER INT'L A","1108447","1998-02-25","1998","02","25","","8.0","","2.2","","5.1","","12.9","","0.0","","10.1","","0.0","","10.1","","0","","7","","39",""
"-123.18","49.20","VANCOUVER INT'L A","1108447","1998-02-26","1998","02","26","","7.6","","1.2","","4.4","","13.6","","0.0","","0.0","","0.0","","0.0","","0","","","","<31",""
"-123.18","49.20","VANCOUVER INT'L A","1108447","1998-02-27","1998","02","27","","7.7","","0.1","","3.9","","14.1","","0.0","","0.0","","0.0","","0.0","","0","","","","<31",""
"-123.18","49.20","VANCOUVER INT'L A","1108447","1998-02-28","1998","02","28","","6.5","","3.3","","4.9","","13.1","","0.0","","7.6","","0.0","","7.6","","0","","","","<31",""
"-123.18","49.20","VANCOUVER INT'L A","1108447","1998-03-01","1998","03","01","","9.5","","5.2","","7.4","","10.6","","0.0","","5.0","","0.0","","5.0","","0","","","","<31",""
"-123.18","49.20","VANCOUVER INT'L A","1108447","1998-03-02","1998","03","02","","10.3","","5.3","","7.8","","10.2","","0.0","","4.6","","0.0","","4.6","","0","","","","<31",""
"-123.18","49.20","VANCOUVER INT'L A","1108447","1998-03-03","1998","03","03","","6.6","","3.0","","4.8","","13.2","","0.0","","7.6","","0.0","","7.6","","0","","","","<31",""
"-123.18","49.20","VANCOUVER INT'L A","1108447","1998-03-04","1998","03","04","","8.2","","2.2","","5.2","","12.8","","0.0","","0.4","","0.0","","0.4","","0","","","","<31",""
"-123.18","49.20","VANCOUVER INT'L A","1108447","1998-03-05","1998","03","05","","7.3","","1.3","","4.3","","13.7","","0.0","","0.0","","0.0","","0.0","","0","","","","<31",""
"-123.18","49.20","VANCOUVER INT'L A","1108447","1998-03-06","1998","03","06","","8.0","","-1.8","","3.1","","14.9","","0.0","","0.0","","0.0","","0.0","","0","","","","<31",""
"-123.18","49.20","VANCOUVER INT'L A","1108447","1998-03-07","1998","03","07","","10.2","","0.0","","5.1","","12.9","","0.0","","0.0","","0.0","","0.0","","0","","","","<31",""
"-123.18","49.20","VANCOUVER INT'L A","1108447","1998-03-08","1998","03","08","","7.6","","3.9","","5.8","","12.2","","0.0","","10.0","","0.0","","10.0","","0","","","","<31",""
"-123.18","49.20","VANCOUVER INT'L A","1108447","1998-03-09","1998","03","09","","10.8","","5.7","","8.3","","9.7","","0.0","","10.8","","0.0","","10.8","","0","","18","","35",""
"-123.18","49.20","VANCOUVER INT'L A","1108447","1998-03-10","1998","03","10","","10.4","","5.7","","8.1","","9.9","","0.0","","5.6","","0.0","","5.6","","0","","11","","35",""
"-123.18","49.20","VANCOUVER INT'L A","1108447","1998-03-11","1998","03","11","","16.4","","7.4","","11.9","","6.1","","0.0","","0.3","","0.0","","0.3","","0","","","","<31",""
"-123.18","49.20","VANCOUVER INT'L A","1108447","1998-03-12","1998","03","12","","14.7","","7.9","","11.3","","6.7","","0.0","","0.0","T","0.0","","0.0","T","0","","","","<31",""
"-123.18","49.20","VANCOUVER INT'L A","1108447","1998-03-13","1998","03","13","","12.8","","9.5","","11.2","","6.8","","0.0","","1.6","","0.0","","1.6","","0","","","","<31",""
"-123.18","49.20","VANCOUVER INT'L A","1108447","1998-03-14","1998","03","14","","13.8","","7.7","","10.8","","7.2","","0.0","","0.2","","0.0","","0.2","","0","","","","<31",""
"-123.18","49.20","VANCOUVER INT'L A","1108447","1998-03-15","1998","03","15","","13.4","","8.7","","11.1","","6.9","","0.0","","2.3","","0.0","","2.3","","0","","","","<31",""
"-123.18","49.20","VANCOUVER INT'L A","1108447","1998-03-16","1998","03","16","","10.8","","5.8","","8.3","","9.7","","0.0","","0.0","","0.0","","0.0","","0","","28","","52",""
"-123.18","49.20","VANCOUVER INT'L A","1108447","1998-03-17","1998","03","17","","10.4","","2.1","","6.3","","11.7","","0.0","","0.0","","0.0","","0.0","","0","","","","<31",""
"-123.18","49.20","VANCOUVER INT'L A","1108447","1998-03-18","1998","03","18","","11.6","","4.3","","8.0","","10.0","","0.0","","0.0","","0.0","","0.0","","0","","","","<31",""
"-123.18","49.20","VANCOUVER INT'L A","1108447","1998-03-19","1998","03","19","","12.0","","2.8","","7.4","","10.6","","0.0","","0.0","","0.0","","0.0","","0","","","","<31",""
"-123.18","49.20","VANCOUVER INT'L A","1108447","1998-03-20","1998","03","20","","13.1","","6.0","","9.6","","8.4","","0.0","","0.0","","0.0","","0.0","","0","","","","<31",""
"-123.18","49.20","VANCOUVER INT'L A","1108447","1998-03-21","1998","03","21","","12.5","","7.4","","10.0","","8.0","","0.0","","4.4","","0.0","","4.4","","0","","","","<31",""
"-123.18","49.20","VANCOUVER INT'L A","1108447","1998-03-22","1998","03","22","","15.7","","9.0","","12.4","","5.6","","0.0","","7.4","","0.0","","7.4","","0","","","","<31",""
"-123.18","49.20","VANCOUVER INT'L A","1108447","1998-03-23","1998","03","23","","11.9","","6.8","","9.4","","8.6","","0.0","","3.6","","0.0","","3.6","","0","","15","","57",""
"-123.18","49.20","VANCOUVER INT'L A","1108447","1998-03-24","1998","03","24","","13.1","","7.9","","10.5","","7.5","","0.0","","0.8","","0.0","","0.8","","0","","","","<31",""
"-123.18","49.20","VANCOUVER INT'L A","1108447","1998-03-25","1998","03","25","","12.8","","4.8","","8.8","","9.2","","0.0","","0.0","","0.0","","0.0","","0","","","","<31",""
"-123.18","49.20","VANCOUVER INT'L A","1108447","1998-03-26","1998","03","26","","9.7","","5.9","","7.8","","10.2","","0.0","","1.8","","0.0","","1.8","","0","","26","","41",""
"-123.18","49.20","VANCOUVER INT'L A","1108447","1998-03-27","1998","03","27","","8.8","","0.9","","4.9","","13.1","","0.0","","0.0","","0.0","","0.0","","0","","17","","39",""
"-123.18","49.20","VANCOUVER INT'L A","1108447","1998-03-28","1998","03","28","","9.4","","1.0","","5.2","","12.8","","0.0","","0.0","","0.0","","0.0","","0","","30","","50",""
"-123.18","49.20","VANCOUVER INT'L A","1108447","1998-03-29","1998","03","29","","10.6","","0.4","","5.5","","12.5","","0.0","","0.0","","0.0","","0.0","","0","","","","<31",""
"-123.18","49.20","VANCOUVER INT'L A","1108447","1998-03-30","1998","03","30","","8.6","","5.7","","7.2","","10.8","","0.0","","11.6","","0.0","","11.6","","0","","","","<31",""
"-123.18","49.20","VANCOUVER INT'L A","1108447","1998-03-31","1998","03","31","","9.9","","5.6","","7.8","","10.2","","0.0","","3.0","","0.0","","3.0","","0","","","","<31",""
"-123.18","49.20","VANCOUVER INT'L A","1108447","1998-04-01","1998","04","01","","10.8","","3.5","","7.2","","10.8","","0.0","","0.0","","0.0","","0.0","","0","","","","<31",""
"-123.18","49.20","VANCOUVER INT'L A","1108447","1998-04-02","1998","04","02","","11.1","","4.5","","7.8","","10.2","","0.0","","0.0","","0.0","","0.0","","0","","","","<31",""
"-123.18","49.20","VANCOUVER INT'L A","1108447","1998-04-03","1998","04","03","","11.6","","2.4","","7.0","","11.0","","0.0","","0.0","","0.0","","0.0","","0","","29","","35",""
"-123.18","49.20","VANCOUVER INT'L A","1108447","1998-04-04","1998","04","04","","11.9","","7.7","","9.8","","8.2","","0.0","","0.4","","0.0","","0.4","","0","","","","<31",""
"-123.18","49.20","VANCOUVER INT'L A","1108447","1998-04-05","1998","04","05","","12.3","","7.1","","9.7","","8.3","","0.0","","1.8","","0.0","","1.8","","0","","","","<31",""
"-123.18","49.20","VANCOUVER INT'L A","1108447","1998-04-06","1998","04","06","","13.7","","4.4","","9.1","","8.9","","0.0","","0.0","","0.0","","0.0","","0","","","","<31",""
"-123.18","49.20","VANCOUVER INT'L A","1108447","1998-04-07","1998","04","07","","12.4","","5.5","","9.0","","9.0","","0.0","","0.6","","0.0","","0.6","","0","","28","","43",""
"-123.18","49.20","VANCOUVER INT'L A","1108447","1998-04-08","1998","04","08","","9.6","","3.7","","6.7","","11.3","","0.0","","0.2","","0.0","","0.2","","0","","","","<31",""
"-123.18","49.20","VANCOUVER INT'L A","1108447","1998-04-09","1998","04","09","","11.2","","1.9","","6.6","","11.4","","0.0","","0.0","","0.0","","0.0","","0","","","","<31",""
"-123.18","49.20","VANCOUVER INT'L A","1108447","1998-04-10","1998","04","10","","8.5","","5.9","","7.2","","10.8","","0.0","","5.0","","0.0","","5.0","","0","","","","<31",""
"-123.18","49.20","VANCOUVER INT'L A","1108447","1998-04-11","1998","04","11","","10.6","","5.6","","8.1","","9.9","","0.0","","6.3","","0.0","","6.3","","0","","23","","44",""
"-123.18","49.20","VANCOUVER INT'L A","1108447","1998-04-12","1998","04","12","","11.0","","3.0","","7.0","","11.0","","0.0","","0.0","","0.0","","0.0","","0","","","","<31",""
"-123.18","49.20","VANCOUVER INT'L A","1108447","1998-04-13","1998","04","13","","11.8","","2.3","","7.1","","10.9","","0.0","","0.0","","0.0","","0.0","","0","","","","<31",""
"-123.18","49.20","VANCOUVER INT'L A","1108447","1998-04-14","1998","04","14","","12.6","","4.4","","8.5","","9.5","","0.0","","0.0","","0.0","","0.0","","0","","","","<31",""
"-123.18","49.20","VANCOUVER INT'L A","1108447","1998-04-15","1998","04","15","","14.1","","3.5","","8.8","","9.2","","0.0","","0.0","","0.0","","0.0","","0","","","","<31",""
"-123.18","49.20","VANCOUVER INT'L A","1108447","1998-04-16","1998","04","16","","13.6","","4.7","","9.2","","8.8","","0.0","","0.0","","0.0","","0.0","","0","","","","<31",""
"-123.18","49.20","VANCOUVER INT'L A","1108447","1998-04-17","1998","04","17","","14.7","","4.8","","9.8","","8.2","","0.0","","0.0","","0.0","","0.0","","0","","","","<31",""
"-123.18","49.20","VANCOUVER INT'L A","1108447","1998-04-18","1998","04","18","","13.9","","8.8","","11.4","","6.6","","0.0","","1.6","","0.0","","1.6","","0","","22","","41",""
"-123.18","49.20","VANCOUVER INT'L A","1108447","1998-04-19","1998","04","19","","13.1","","4.1","","8.6","","9.4","","0.0","","0.0","","0.0","","0.0","","0","","","","<31",""
"-123.18","49.20","VANCOUVER INT'L A","1108447","1998-04-20","1998","04","20","","16.1","","4.2","","10.2","","7.8","","0.0","","0.0","","0.0","","0.0","","0","","","","<31",""
"-123.18","49.20","VANCOUVER INT'L A","1108447","1998-04-21","1998","04","21","","16.5","","8.9","","12.7","","5.3","","0.0","","1.4","","0.0","","1.4","","0","","","","<31",""
"-123.18","49.20","VANCOUVER INT'L A","1108447","1998-04-22","1998","04","22","","15.0","","8.0","","11.5","","6.5","","0.0","","0.0","","0.0","","0.0","","0","","30","","35",""
"-123.18","49.20","VANCOUVER INT'L A","1108447","1998-04-23","1998","04","23","","13.2","","8.8","","11.0","","7.0","","0.0","","2.0","","0.0","","2.0","","0","","","","<31",""
"-123.18","49.20","VANCOUVER INT'L A","1108447","1998-04-24","1998","04","24","","14.1","","8.2","","11.2","","6.8","","0.0","","0.0","","0.0","","0.0","","0","","21","","32",""
"-123.18","49.20","VANCOUVER INT'L A","1108447","1998-04-25","1998","04","25","","13.4","","6.3","","9.9","","8.1","","0.0","","0.0","T","0.0","","0.0","T","0","","","","<31",""
"-123.18","49.20","VANCOUVER INT'L A","1108447","1998-04-26","1998","04","26","","16.8","","7.8","","12.3","","5.7","","0.0","","0.0","T","0.0","","0.0","T","0","","","","<31",""
"-123.18","49.20","VANCOUVER INT'L A","1108447","1998-04-27","1998","04","27","","16.3","","5.8","","11.1","","6.9","","0.0","","0.0","","0.0","","0.0","","0","","","","<31",""
"-123.18","49.20","VANCOUVER INT'L A","1108447","1998-04-28","1998","04","28","","17.8","","7.2","","12.5","","5.5","","0.0","","0.0","","0.0","","0.0","","0","","","","<31",""
"-123.18","49.20","VANCOUVER INT'L A","1108447","1998-04-29","1998","04","29","","18.7","","7.3","","13.0","","5.0","","0.0","","0.0","","0.0","","0.0","","0","","","","<31",""
"-123.18","49.20","VANCOUVER INT'L A","1108447","1998-04-30","1998","04","30","","20.4","","8.1","","14.3","","3.7","","0.0","","0.0","","0.0","","0.0","","0","","","","<31",""
"-123.18","49.20","VANCOUVER INT'L A","1108447","1998-05-01","1998","05","01","","22.4","","10.0","","16.2","","1.8","","0.0","","0.0","","0.0","","0.0","","0","","","","<31",""
"-123.18","49.20","VANCOUVER INT'L A","1108447","1998-05-02","1998","05","02","","21.1","","12.8","","17.0","","1.0","","0.0","","0.0","","0.0","","0.0","","0","","9","","37",""
"-123.18","49.20","VANCOUVER INT'L A","1108447","1998-05-03","1998","05","03","","18.9","","10.4","","14.7","","3.3","","0.0","","0.0","","0.0","","0.0","","0","","","","<31",""
"-123.18","49.20","VANCOUVER INT'L A","1108447","1998-05-04","1998","05","04","","19.4","","9.1","","14.3","","3.7","","0.0","","0.0","","0.0","","0.0","","0","","","","<31",""
"-123.18","49.20","VANCOUVER INT'L A","1108447","1998-05-05","1998","05","05","","19.3","","10.1","","14.7","","3.3","","0.0","","0.0","","0.0","","0.0","","0","","21","","33",""
"-123.18","49.20","VANCOUVER INT'L A","1108447","1998-05-06","1998","05","06","","18.3","","10.3","","14.3","","3.7","","0.0","","0.0","","0.0","","0.0","","0","","","","<31",""
"-123.18","49.20","VANCOUVER INT'L A","1108447","1998-05-07","1998","05","07","","17.2","","11.6","","14.4","","3.6","","0.0","","0.0","T","0.0","","0.0","T","0","","","","<31",""
"-123.18","49.20","VANCOUVER INT'L A","1108447","1998-05-08","1998","05","08","","13.1","","11.3","","12.2","","5.8","","0.0","","2.4","","0.0","","2.4","","0","","","","<31",""
"-123.18","49.20","VANCOUVER INT'L A","1108447","1998-05-09","1998","05","09","","16.4","","9.9","","13.2","","4.8","","0.0","","0.0","","0.0","","0.0","","0","","","","<31",""
"-123.18","49.20","VANCOUVER INT'L A","1108447","1998-05-10","1998","05","10","","18.1","","9.8","","14.0","","4.0","","0.0","","0.0","","0.0","","0.0","","0","","","","<31",""
"-123.18","49.20","VANCOUVER INT'L A","1108447","1998-05-11","1998","05","11","","13.6","","10.8","","12.2","","5.8","","0.0","","2.4","","0.0","","2.4","","0","","","","<31",""
"-123.18","49.20","VANCOUVER INT'L A","1108447","1998-05-12","1998","05","12","","16.7","","10.9","","13.8","","4.2","","0.0","","0.0","T","0.0","","0.0","T","0","","30","","41",""
"-123.18","49.20","VANCOUVER INT'L A","1108447","1998-05-13","1998","05","13","","14.0","","9.8","","11.9","","6.1","","0.0","","0.0","T","0.0","","0.0","T","0","","","","<31",""
"-123.18","49.20","VANCOUVER INT'L A","1108447","1998-05-14","1998","05","14","","11.6","","7.3","","9.5","","8.5","","0.0","","11.8","","0.0","","11.8","","0","","20","","48",""
"-123.18","49.20","VANCOUVER INT'L A","1108447","1998-05-15","1998","05","15","","15.7","","6.8","","11.3","","6.7","","0.0","","22.6","","0.0","","22.6","","0","","13","E","35","E"
"-123.18","49.20","VANCOUVER INT'L A","1108447","1998-05-16","1998","05","16","","15.0","","6.1","","10.6","","7.4","","0.0","","0.0","","0.0","","0.0","","0","","29","E","48","E"
"-123.18","49.20","VANCOUVER INT'L A","1108447","1998-05-17","1998","05","17","","17.3","","8.2","","12.8","","5.2","","0.0","","0.0","","0.0","","0.0","","0","","13","E","33","E"
"-123.18","49.20","VANCOUVER INT'L A","1108447","1998-05-18","1998","05","18","","16.5","","9.1","","12.8","","5.2","","0.0","","1.4","","0.0","","1.4","","0","","","","<31",""
"-123.18","49.20","VANCOUVER INT'L A","1108447","1998-05-19","1998","05","19","","17.6","","8.7","","13.2","","4.8","","0.0","","0.0","","0.0","","0.0","","0","","30","E","33","E"
"-123.18","49.20","VANCOUVER INT'L A","1108447","1998-05-20","1998","05","20","","19.2","","8.0","","13.6","","4.4","","0.0","","0.0","","0.0","","0.0","","0","","29","E","32","E"
"-123.18","49.20","VANCOUVER INT'L A","1108447","1998-05-21","1998","05","21","","17.4","","11.4","","14.4","","3.6","","0.0","","0.0","","0.0","","0.0","","0","","12","E","37","E"
"-123.18","49.20","VANCOUVER INT'L A","1108447","1998-05-22","1998","05","22","","17.8","","9.2","","13.5","","4.5","","0.0","","0.0","","0.0","","0.0","","0","","","","<31",""
"-123.18","49.20","VANCOUVER INT'L A","1108447","1998-05-23","1998","05","23","","17.6","","12.8","","15.2","","2.8","","0.0","","0.0","T","0.0","","0.0","T","0","","13","E","32","E"
"-123.18","49.20","VANCOUVER INT'L A","1108447","1998-05-24","1998","05","24","","16.2","","12.1","","14.2","","3.8","","0.0","","5.3","","0.0","","5.3","","0","","23","E","35","E"
"-123.18","49.20","VANCOUVER INT'L A","1108447","1998-05-25","1998","05","25","","12.8","","8.6","","10.7","","7.3","","0.0","","15.4","","0.0","","15.4","","0","","","","<31",""
"-123.18","49.20","VANCOUVER INT'L A","1108447","1998-05-26","1998","05","26","","12.5","","8.1","","10.3","","7.7","","0.0","","13.4","","0.0","","13.4","","0","","","","<31",""
"-123.18","49.20","VANCOUVER INT'L A","1108447","1998-05-27","1998","05","27","","11.3","","8.8","","10.1","","7.9","","0.0","","35.2","","0.0","","35.2","","0","","","","<31",""
"-123.18","49.20","VANCOUVER INT'L A","1108447","1998-05-28","1998","05","28","","16.6","","9.2","","12.9","","5.1","","0.0","","0.4","","0.0","","0.4","","0","","","","<31",""
"-123.18","49.20","VANCOUVER INT'L A","1108447","1998-05-29","1998","05","29","","20.8","","11.4","","16.1","","1.9","","0.0","","0.0","","0.0","","0.0","","0","","30","E","33","E"
"-123.18","49.20","VANCOUVER INT'L A","1108447","1998-05-30","1998","05","30","","19.5","","10.7","","15.1","","2.9","","0.0","","0.0","","0.0","","0.0","","0","","","","<31",""
"-123.18","49.20","VANCOUVER INT'L A","1108447","1998-05-31","1998","05","31","","19.8","","13.6","","16.7","","1.3","","0.0","","0.0","","0.0","","0.0","","0","","","","<31",""
"-123.18","49.20","VANCOUVER INT'L A","1108447","1998-06-01","1998","06","01","","18.4","","13.1","","15.8","","2.2","","0.0","","0.0","","0.0","","0.0","","0","","30","E","39","E"
"-123.18","49.20","VANCOUVER INT'L A","1108447","1998-06-02","1998","06","02","","21.9","","11.4","","16.7","","1.3","","0.0","","0.0","","0.0","","0.0","","0","","","","<31",""
"-123.18","49.20","VANCOUVER INT'L A","1108447","1998-06-03","1998","06","03","","22.1","","12.2","","17.2","","0.8","","0.0","","0.0","","0.0","","0.0","","0","","11","E","32","E"
"-123.18","49.20","VANCOUVER INT'L A","1108447","1998-06-04","1998","06","04","","18.5","","12.8","","15.7","","2.3","","0.0","","0.0","","0.0","","0.0","","0","","12","E","32","E"
"-123.18","49.20","VANCOUVER INT'L A","1108447","1998-06-05","1998","06","05","","19.6","","13.3","","16.5","","1.5","","0.0","","0.0","","0.0","","0.0","","0","","23","E","35","E"
"-123.18","49.20","VANCOUVER INT'L A","1108447","1998-06-06","1998","06","06","","21.5","","11.8","","16.7","","1.3","","0.0","","0.0","","0.0","","0.0","","0","","23","E","35","E"
"-123.18","49.20","VANCOUVER INT'L A","1108447","1998-06-07","1998","06","07","","22.7","","13.5","","18.1","","0.0","","0.1","","0.0","","0.0","","0.0","","0","","","","<31",""
"-123.18","49.20","VANCOUVER INT'L A","1108447","1998-06-08","1998","06","08","","20.9","","14.8","","17.9","","0.1","","0.0","","0.0","","0.0","","0.0","","0","","","","<31",""
"-123.18","49.20","VANCOUVER INT'L A","1108447","1998-06-09","1998","06","09","","17.2","","13.9","","15.6","","2.4","","0.0","","0.2","","0.0","","0.2","","0","","","","<31",""
"-123.18","49.20","VANCOUVER INT'L A","1108447","1998-06-10","1998","06","10","","18.3","","13.0","","15.7","","2.3","","0.0","","8.6","","0.0","","8.6","","0","","","","<31",""
"-123.18","49.20","VANCOUVER INT'L A","1108447","1998-06-11","1998","06","11","","20.5","","13.9","","17.2","","0.8","","0.0","","0.0","","0.0","","0.0","","0","","28","E","39","E"
"-123.18","49.20","VANCOUVER INT'L A","1108447","1998-06-12","1998","06","12","","20.2","","13.4","","16.8","","1.2","","0.0","","0.0","","0.0","","0.0","","0","","28","","46",""
"-123.18","49.20","VANCOUVER INT'L A","1108447","1998-06-13","1998","06","13","","20.2","","13.7","","17.0","","1.0","","0.0","","0.0","","0.0","","0.0","","0","","28","E","48","E"
"-123.18","49.20","VANCOUVER INT'L A","1108447","1998-06-14","1998","06","14","","16.3","","12.9","","14.6","","3.4","","0.0","","0.2","","0.0","","0.2","","0","","","","<31",""
"-123.18","49.20","VANCOUVER INT'L A","1108447","1998-06-15","1998","06","15","","18.1","","12.9","","15.5","","2.5","","0.0","","0.2","","0.0","","0.2","","0","","27","E","61","E"
"-123.18","49.20","VANCOUVER INT'L A","1108447","1998-06-16","1998","06","16","","20.9","","10.4","","15.7","","2.3","","0.0","","0.0","","0.0","","0.0","","0","","","","<31",""
"-123.18","49.20","VANCOUVER INT'L A","1108447","1998-06-17","1998","06","17","","16.4","","13.4","","14.9","","3.1","","0.0","","0.4","","0.0","","0.4","","0","","14","E","33","E"
"-123.18","49.20","VANCOUVER INT'L A","1108447","1998-06-18","1998","06","18","","18.0","","12.0","","15.0","","3.0","","0.0","","0.8","","0.0","","0.8","","0","","","","<31",""
"-123.18","49.20","VANCOUVER INT'L A","1108447","1998-06-19","1998","06","19","","19.3","","10.9","","15.1","","2.9","","0.0","","0.0","","0.0","","0.0","","0","","","","<31",""
"-123.18","49.20","VANCOUVER INT'L A","1108447","1998-06-20","1998","06","20","","20.8","","13.5","","17.2","","0.8","","0.0","","0.0","","0.0","","0.0","","0","","","","<31",""
"-123.18","49.20","VANCOUVER INT'L A","1108447","1998-06-21","1998","06","21","","21.8","","13.0","","17.4","","0.6","","0.0","","0.0","","0.0","","0.0","","0","","","","<31",""
"-123.18","49.20","VANCOUVER INT'L A","1108447","1998-06-22","1998","06","22","","23.5","","13.6","","18.6","","0.0","","0.6","","0.0","","0.0","","0.0","","0","","","","<31",""
"-123.18","49.20","VANCOUVER INT'L A","1108447","1998-06-23","1998","06","23","","18.6","","13.9","","16.3","","1.7","","0.0","","0.0","","0.0","","0.0","","0","","12","E","33","E"
"-123.18","49.20","VANCOUVER INT'L A","1108447","1998-06-24","1998","06","24","","17.1","","11.8","","14.5","","3.5","","0.0","","17.8","","0.0","","17.8","","0","","","","<31",""
"-123.18","49.20","VANCOUVER INT'L A","1108447","1998-06-25","1998","06","25","","18.5","","11.6","","15.1","","2.9","","0.0","","1.6","","0.0","","1.6","","0","","","","<31",""
"-123.18","49.20","VANCOUVER INT'L A","1108447","1998-06-26","1998","06","26","","19.6","","11.9","","15.8","","2.2","","0.0","","0.0","","0.0","","0.0","","0","","","","<31",""
"-123.18","49.20","VANCOUVER INT'L A","1108447","1998-06-27","1998","06","27","","19.4","","12.9","","16.2","","1.8","","0.0","","0.0","","0.0","","0.0","","0","","","","<31",""
"-123.18","49.20","VANCOUVER INT'L A","1108447","1998-06-28","1998","06","28","","21.3","","12.2","","16.8","","1.2","","0.0","","0.0","","0.0","","0.0","","0","","","","<31",""
"-123.18","49.20","VANCOUVER INT'L A","1108447","1998-06-29","1998","06","29","","25.8","","15.2","","20.5","","0.0","","2.5","","0.0","","0.0","","0.0","","0","","","","<31",""
"-123.18","49.20","VANCOUVER INT'L A","1108447","1998-06-30","1998","06","30","","25.9","","13.9","","19.9","","0.0","","1.9","","0.0","","0.0","","0.0","","0","","","","<31",""
"-123.18","49.20","VANCOUVER INT'L A","1108447","1998-07-01","1998","07","01","","21.7","","14.0","","17.9","","0.1","","0.0","","0.0","","0.0","","0.0","","0","","11","E","32","E"
"-123.18","49.20","VANCOUVER INT'L A","1108447","1998-07-02","1998","07","02","","22.9","","13.2","","18.1","","0.0","","0.1","","0.0","","0.0","","0.0","","0","","","","<31",""
"-123.18","49.20","VANCOUVER INT'L A","1108447","1998-07-03","1998","07","03","","18.3","","14.3","","16.3","","1.7","","0.0","","6.8","","0.0","","6.8","","0","","","","<31",""
"-123.18","49.20","VANCOUVER INT'L A","1108447","1998-07-04","1998","07","04","","16.5","","14.3","","15.4","","2.6","","0.0","","2.6","","0.0","","2.6","","0","","","","<31",""
"-123.18","49.20","VANCOUVER INT'L A","1108447","1998-07-05","1998","07","05","","19.7","","14.3","","17.0","","1.0","","0.0","","0.0","T","0.0","","0.0","T","0","","","","<31",""
"-123.18","49.20","VANCOUVER INT'L A","1108447","1998-07-06","1998","07","06","","23.6","","14.5","","19.1","","0.0","","1.1","","0.0","","0.0","","0.0","","0","","","","<31",""
"-123.18","49.20","VANCOUVER INT'L A","1108447","1998-07-07","1998","07","07","","22.1","","15.7","","18.9","","0.0","","0.9","","0.0","","0.0","","0.0","","0","","30","E","41","E"
"-123.18","49.20","VANCOUVER INT'L A","1108447","1998-07-08","1998","07","08","","22.2","","13.3","","17.8","","0.2","","0.0","","0.0","","0.0","","0.0","","0","","","","<31",""
"-123.18","49.20","VANCOUVER INT'L A","1108447","1998-07-09","1998","07","09","","24.0","","14.5","","19.3","","0.0","","1.3","","0.0","","0.0","","0.0","","0","","","","<31",""
"-123.18","49.20","VANCOUVER INT'L A","1108447","1998-07-10","1998","07","10","","25.1","","13.9","","19.5","","0.0","","1.5","","0.0","","0.0","","0.0","","0","","14","E","39","E"
"-123.18","49.20","VANCOUVER INT'L A","1108447","1998-07-11","1998","07","11","","23.4","","13.7","","18.6","","0.0","","0.6","","3.4","","0.0","","3.4","","0","","","","<31",""
"-123.18","49.20","VANCOUVER INT'L A","1108447","1998-07-12","1998","07","12","","17.6","","13.5","","15.6","","2.4","","0.0","","5.4","","0.0","","5.4","","0","","","","<31",""
"-123.18","49.20","VANCOUVER INT'L A","1108447","1998-07-13","1998","07","13","","19.8","","11.0","","15.4","","2.6","","0.0","","0.2","","0.0","","0.2","","0","","","","<31",""
"-123.18","49.20","VANCOUVER INT'L A","1108447","1998-07-14","1998","07","14","","18.5","","14.3","","16.4","","1.6","","0.0","","3.2","","0.0","","3.2","","0","","9","E","32","E"
"-123.18","49.20","VANCOUVER INT'L A","1108447","1998-07-15","1998","07","15","","19.5","","15.0","","17.3","","0.7","","0.0","","16.4","","0.0","","16.4","","0","","","","<31",""
"-123.18","49.20","VANCOUVER INT'L A","1108447","1998-07-16","1998","07","16","","27.4","","16.6","","22.0","","0.0","","4.0","","1.8","","0.0","","1.8","","0","","","","<31",""
"-123.18","49.20","VANCOUVER INT'L A","1108447","1998-07-17","1998","07","17","","23.5","","16.6","","20.1","","0.0","","2.1","","0.0","","0.0","","0.0","","0","","","","<31",""
"-123.18","49.20","VANCOUVER INT'L A","1108447","1998-07-18","1998","07","18","","23.9","","14.8","","19.4","","0.0","","1.4","","0.0","","0.0","","0.0","","0","","14","E","33","E"
"-123.18","49.20","VANCOUVER INT'L A","1108447","1998-07-19","1998","07","19","","22.9","","15.0","","19.0","","0.0","","1.0","","0.0","","0.0","","0.0","","0","","","","<31",""
"-123.18","49.20","VANCOUVER INT'L A","1108447","1998-07-20","1998","07","20","","22.8","","14.7","","18.8","","0.0","","0.8","","0.0","","0.0","","0.0","","0","","","","<31",""
"-123.18","49.20","VANCOUVER INT'L A","1108447","1998-07-21","1998","07","21","","24.5","","16.0","","20.3","","0.0","","2.3","","0.0","","0.0","","0.0","","0","","30","E","33","E"
"-123.18","49.20","VANCOUVER INT'L A","1108447","1998-07-22","1998","07","22","","25.1","","17.5","","21.3","","0.0","","3.3","","0.0","","0.0","","0.0","","0","","","","<31",""
"-123.18","49.20","VANCOUVER INT'L A","1108447","1998-07-23","1998","07","23","","25.6","","16.0","","20.8","","0.0","","2.8","","0.0","","0.0","","0.0","","0","","","","<31",""
"-123.18","49.20","VANCOUVER INT'L A","1108447","1998-07-24","1998","07","24","","24.2","","14.3","","19.3","","0.0","","1.3","","0.0","","0.0","","0.0","","0","","","","<31",""
"-123.18","49.20","VANCOUVER INT'L A","1108447","1998-07-25","1998","07","25","","24.5","","14.7","","19.6","","0.0","","1.6","","0.0","","0.0","","0.0","","0","","","","<31",""
"-123.18","49.20","VANCOUVER INT'L A","1108447","1998-07-26","1998","07","26","","28.3","","17.3","","22.8","","0.0","","4.8","","0.0","","0.0","","0.0","","0","","","","<31",""
"-123.18","49.20","VANCOUVER INT'L A","1108447","1998-07-27","1998","07","27","","29.9","","19.6","","24.8","","0.0","","6.8","","0.0","","0.0","","0.0","","0","","","","<31",""
"-123.18","49.20","VANCOUVER INT'L A","1108447","1998-07-28","1998","07","28","","31.9","","19.9","","25.9","","0.0","","7.9","","0.0","","0.0","","0.0","","0","","","","<31",""
"-123.18","49.20","VANCOUVER INT'L A","1108447","1998-07-29","1998","07","29","","28.2","","19.1","","23.7","","0.0","","5.7","","0.0","","0.0","","0.0","","0","","22","E","32","E"
"-123.18","49.20","VANCOUVER INT'L A","1108447","1998-07-30","1998","07","30","","22.1","","16.8","","19.5","","0.0","","1.5","","0.0","","0.0","","0.0","","0","","","","<31",""
"-123.18","49.20","VANCOUVER INT'L A","1108447","1998-07-31","1998","07","31","","22.4","","17.2","","19.8","","0.0","","1.8","","0.0","T","0.0","","0.0","T","0","","","","<31",""
"-123.18","49.20","VANCOUVER INT'L A","1108447","1998-08-01","1998","08","01","","22.4","","15.0","","18.7","","0.0","","0.7","","0.0","","0.0","","0.0","","0","","","","<31",""
"-123.18","49.20","VANCOUVER INT'L A","1108447","1998-08-02","1998","08","02","","24.8","","15.4","","20.1","","0.0","","2.1","","0.0","","0.0","","0.0","","0","","","","<31",""
"-123.18","49.20","VANCOUVER INT'L A","1108447","1998-08-03","1998","08","03","","27.8","","16.3","","22.1","","0.0","","4.1","","0.0","","0.0","","0.0","","0","","","","<31",""
"-123.18","49.20","VANCOUVER INT'L A","1108447","1998-08-04","1998","08","04","","25.6","","13.9","","19.8","","0.0","","1.8","","0.0","","0.0","","0.0","","0","","","","<31",""
"-123.18","49.20","VANCOUVER INT'L A","1108447","1998-08-05","1998","08","05","","26.4","","13.5","","20.0","","0.0","","2.0","","0.0","","0.0","","0.0","","0","","28","E","32","E"
"-123.18","49.20","VANCOUVER INT'L A","1108447","1998-08-06","1998","08","06","","23.2","","15.0","","19.1","","0.0","","1.1","","0.0","","0.0","","0.0","","0","","29","E","37","E"
"-123.18","49.20","VANCOUVER INT'L A","1108447","1998-08-07","1998","08","07","","22.8","","13.2","","18.0","","0.0","","0.0","","0.0","","0.0","","0.0","","0","","","","<31",""
"-123.18","49.20","VANCOUVER INT'L A","1108447","1998-08-08","1998","08","08","","25.8","","12.4","","19.1","","0.0","","1.1","","0.0","","0.0","","0.0","","0","","","","<31",""
"-123.18","49.20","VANCOUVER INT'L A","1108447","1998-08-09","1998","08","09","","25.8","","14.1","","20.0","","0.0","","2.0","","0.0","","0.0","","0.0","","0","","11","E","33","E"
"-123.18","49.20","VANCOUVER INT'L A","1108447","1998-08-10","1998","08","10","","24.3","","16.9","","20.6","","0.0","","2.6","","0.0","","0.0","","0.0","","0","","","","<31",""
"-123.18","49.20","VANCOUVER INT'L A","1108447","1998-08-11","1998","08","11","","25.2","","14.8","","20.0","","0.0","","2.0","","0.0","","0.0","","0.0","","0","","","","<31",""
"-123.18","49.20","VANCOUVER INT'L A","1108447","1998-08-12","1998","08","12","","26.2","","16.2","","21.2","","0.0","","3.2","","0.0","","0.0","","0.0","","0","","","","<31",""
"-123.18","49.20","VANCOUVER INT'L A","1108447","1998-08-13","1998","08","13","","26.6","","17.3","","22.0","","0.0","","4.0","","0.0","","0.0","","0.0","","0","","","","<31",""
"-123.18","49.20","VANCOUVER INT'L A","1108447","1998-08-14","1998","08","14","","25.9","","16.9","","21.4","","0.0","","3.4","","0.0","","0.0","","0.0","","0","","","","<31",""
"-123.18","49.20","VANCOUVER INT'L A","1108447","1998-08-15","1998","08","15","","22.9","","15.7","","19.3","","0.0","","1.3","","0.0","","0.0","","0.0","","0","","22","E","33","E"
"-123.18","49.20","VANCOUVER INT'L A","1108447","1998-08-16","1998","08","16","","20.2","","14.8","","17.5","","0.5","","0.0","","0.0","","0.0","","0.0","","0","","29","E","54","E"
"-123.18","49.20","VANCOUVER INT'L A","1108447","1998-08-17","1998","08","17","","19.2","","13.3","","16.3","","1.7","","0.0","","8.0","","0.0","","8.0","","0","","","","<31",""
"-123.18","49.20","VANCOUVER INT'L A","1108447","1998-08-18","1998","08","18","","19.4","","14.3","","16.9","","1.1","","0.0","","0.2","","0.0","","0.2","","0","","","","<31",""
"-123.18","49.20","VANCOUVER INT'L A","1108447","1998-08-19","1998","08","19","","21.9","","11.4","","16.7","","1.3","","0.0","","0.0","","0.0","","0.0","","0","","","","<31",""
"-123.18","49.20","VANCOUVER INT'L A","1108447","1998-08-20","1998","08","20","","25.0","","14.2","","19.6","","0.0","","1.6","","0.0","","0.0","","0.0","","0","","","","<31",""
"-123.18","49.20","VANCOUVER INT'L A","1108447","1998-08-21","1998","08","21","","23.3","","14.2","","18.8","","0.0","","0.8","","0.0","","0.0","","0.0","","0","","","","<31",""
"-123.18","49.20","VANCOUVER INT'L A","1108447","1998-08-22","1998","08","22","","22.5","","16.0","","19.3","","0.0","","1.3","","0.0","","0.0","","0.0","","0","","","","<31",""
"-123.18","49.20","VANCOUVER INT'L A","1108447","1998-08-23","1998","08","23","","21.6","","14.4","","18.0","","0.0","","0.0","","0.0","","0.0","","0.0","","0","","","","<31",""
"-123.18","49.20","VANCOUVER INT'L A","1108447","1998-08-24","1998","08","24","","21.5","","12.9","","17.2","","0.8","","0.0","","0.0","","0.0","","0.0","","0","","","","<31",""
"-123.18","49.20","VANCOUVER INT'L A","1108447","1998-08-25","1998","08","25","","23.2","","12.7","","18.0","","0.0","","0.0","","0.0","","0.0","","0.0","","0","","23","E","32","E"
"-123.18","49.20","VANCOUVER INT'L A","1108447","1998-08-26","1998","08","26","","22.6","","12.5","","17.6","","0.4","","0.0","","0.0","","0.0","","0.0","","0","","","","<31",""
"-123.18","49.20","VANCOUVER INT'L A","1108447","1998-08-27","1998","08","27","","22.9","","13.1","","18.0","","0.0","","0.0","","0.0","","0.0","","0.0","","0","","25","E","32","E"
"-123.18","49.20","VANCOUVER INT'L A","1108447","1998-08-28","1998","08","28","","24.2","","13.0","","18.6","","0.0","","0.6","","0.0","","0.0","","0.0","","0","","","","<31",""
"-123.18","49.20","VANCOUVER INT'L A","1108447","1998-08-29","1998","08","29","","23.6","","15.1","","19.4","","0.0","","1.4","","0.0","","0.0","","0.0","","0","","","","<31",""
"-123.18","49.20","VANCOUVER INT'L A","1108447","1998-08-30","1998","08","30","","24.2","","13.6","","18.9","","0.0","","0.9","","0.0","","0.0","","0.0","","0","","","","<31",""
"-123.18","49.20","VANCOUVER INT'L A","1108447","1998-08-31","1998","08","31","","25.6","","15.2","","20.4","","0.0","","2.4","","0.0","","0.0","","0.0","","0","","","","<31",""
"-123.18","49.20","VANCOUVER INT'L A","1108447","1998-09-01","1998","09","01","","26.7","","15.6","","21.2","","0.0","","3.2","","0.0","","0.0","","0.0","","0","","","","<31",""
"-123.18","49.20","VANCOUVER INT'L A","1108447","1998-09-02","1998","09","02","","26.6","","15.3","","21.0","","0.0","","3.0","","0.0","","0.0","","0.0","","0","","","","<31",""
"-123.18","49.20","VANCOUVER INT'L A","1108447","1998-09-03","1998","09","03","","24.1","","15.5","","19.8","","0.0","","1.8","","0.0","","0.0","","0.0","","0","","29","E","54","E"
"-123.18","49.20","VANCOUVER INT'L A","1108447","1998-09-04","1998","09","04","","22.0","","15.3","","18.7","","0.0","","0.7","","0.0","","0.0","","0.0","","0","","30","E","54","E"
"-123.18","49.20","VANCOUVER INT'L A","1108447","1998-09-05","1998","09","05","","25.0","","14.4","","19.7","","0.0","","1.7","","0.0","","0.0","","0.0","","0","","","","<31",""
"-123.18","49.20","VANCOUVER INT'L A","1108447","1998-09-06","1998","09","06","","26.4","","13.5","","20.0","","0.0","","2.0","","0.0","","0.0","","0.0","","0","","","","<31",""
"-123.18","49.20","VANCOUVER INT'L A","1108447","1998-09-07","1998","09","07","","21.8","","13.6","","17.7","","0.3","","0.0","","0.4","","0.0","","0.4","","0","","28","E","61","E"
"-123.18","49.20","VANCOUVER INT'L A","1108447","1998-09-08","1998","09","08","","18.4","","12.3","","15.4","","2.6","","0.0","","0.0","","0.0","","0.0","","0","","30","E","33","E"
"-123.18","49.20","VANCOUVER INT'L A","1108447","1998-09-09","1998","09","09","","19.9","","9.1","","14.5","","3.5","","0.0","","0.0","","0.0","","0.0","","0","","","","<31",""
"-123.18","49.20","VANCOUVER INT'L A","1108447","1998-09-10","1998","09","10","","19.1","","12.3","","15.7","","2.3","","0.0","","0.0","T","0.0","","0.0","T","0","","21","E","33","E"
"-123.18","49.20","VANCOUVER INT'L A","1108447","1998-09-11","1998","09","11","","21.7","","14.6","","18.2","","0.0","","0.2","","0.0","","0.0","","0.0","","0","","","","<31",""
"-123.18","49.20","VANCOUVER INT'L A","1108447","1998-09-12","1998","09","12","","20.3","","13.8","","17.1","","0.9","","0.0","","0.0","","0.0","","0.0","","0","","","","<31",""
"-123.18","49.20","VANCOUVER INT'L A","1108447","1998-09-13","1998","09","13","","20.4","","12.6","","16.5","","1.5","","0.0","","0.0","","0.0","","0.0","","0","","","","<31",""
"-123.18","49.20","VANCOUVER INT'L A","1108447","1998-09-14","1998","09","14","","19.6","","11.0","","15.3","","2.7","","0.0","","0.0","","0.0","","0.0","","0","","","","<31",""
"-123.18","49.20","VANCOUVER INT'L A","1108447","1998-09-15","1998","09","15","","19.3","","12.0","","15.7","","2.3","","0.0","","0.0","","0.0","","0.0","","0","","","","<31",""
"-123.18","49.20","VANCOUVER INT'L A","1108447","1998-09-16","1998","09","16","","24.2","","10.9","","17.6","","0.4","","0.0","","0.0","","0.0","","0.0","","0","","","","<31",""
"-123.18","49.20","VANCOUVER INT'L A","1108447","1998-09-17","1998","09","17","","18.1","","12.2","","15.2","","2.8","","0.0","","3.2","","0.0","","3.2","","0","","","","<31",""
"-123.18","49.20","VANCOUVER INT'L A","1108447","1998-09-18","1998","09","18","","18.7","","12.8","","15.8","","2.2","","0.0","","5.4","","0.0","","5.4","","0","","","","<31",""
"-123.18","49.20","VANCOUVER INT'L A","1108447","1998-09-19","1998","09","19","","18.2","","13.6","","15.9","","2.1","","0.0","","0.0","","0.0","","0.0","","0","","","","<31",""
"-123.18","49.20","VANCOUVER INT'L A","1108447","1998-09-20","1998","09","20","","19.0","","10.9","","15.0","","3.0","","0.0","","0.0","","0.0","","0.0","","0","","","","<31",""
"-123.18","49.20","VANCOUVER INT'L A","1108447","1998-09-21","1998","09","21","","18.2","","10.1","","14.2","","3.8","","0.0","","0.0","","0.0","","0.0","","0","","","","<31",""
"-123.18","49.20","VANCOUVER INT'L A","1108447","1998-09-22","1998","09","22","","18.3","","11.6","","15.0","","3.0","","0.0","","0.0","","0.0","","0.0","","0","","29","E","33","E"
"-123.18","49.20","VANCOUVER INT'L A","1108447","1998-09-23","1998","09","23","","19.3","","10.0","","14.7","","3.3","","0.0","","0.0","","0.0","","0.0","","0","","","","<31",""
"-123.18","49.20","VANCOUVER INT'L A","1108447","1998-09-24","1998","09","24","","15.1","","11.8","","13.5","","4.5","","0.0","","2.2","","0.0","","2.2","","0","","","","<31",""
"-123.18","49.20","VANCOUVER INT'L A","1108447","1998-09-25","1998","09","25","","18.0","","11.8","","14.9","","3.1","","0.0","","0.0","","0.0","","0.0","","0","","29","E","56","E"
"-123.18","49.20","VANCOUVER INT'L A","1108447","1998-09-26","1998","09","26","","18.6","","8.0","","13.3","","4.7","","0.0","","0.0","","0.0","","0.0","","0","","","","<31",""
"-123.18","49.20","VANCOUVER INT'L A","1108447","1998-09-27","1998","09","27","","17.9","","7.7","","12.8","","5.2","","0.0","","0.0","","0.0","","0.0","","0","","","","<31",""
"-123.18","49.20","VANCOUVER INT'L A","1108447","1998-09-28","1998","09","28","","17.3","","8.3","","12.8","","5.2","","0.0","","0.0","","0.0","","0.0","","0","","","","<31",""
"-123.18","49.20","VANCOUVER INT'L A","1108447","1998-09-29","1998","09","29","","16.4","","10.4","","13.4","","4.6","","0.0","","0.0","","0.0","","0.0","","0","","","","<31",""
"-123.18","49.20","VANCOUVER INT'L A","1108447","1998-09-30","1998","09","30","","18.1","","7.9","","13.0","","5.0","","0.0","","0.0","","0.0","","0.0","","0","","","","<31",""
"-123.18","49.20","VANCOUVER INT'L A","1108447","1998-10-01","1998","10","01","","15.5","","11.4","","13.5","","4.5","","0.0","","10.4","","0.0","","10.4","","0","","14","E","41","E"
"-123.18","49.20","VANCOUVER INT'L A","1108447","1998-10-02","1998","10","02","","14.6","","9.2","","11.9","","6.1","","0.0","","5.4","","0.0","","5.4","","0","","","","<31",""
"-123.18","49.20","VANCOUVER INT'L A","1108447","1998-10-03","1998","10","03","","11.7","","9.5","","10.6","","7.4","","0.0","","19.3","","0.0","","19.3","","0","","","","<31",""
"-123.18","49.20","VANCOUVER INT'L A","1108447","1998-10-04","1998","10","04","","15.1","","9.5","","12.3","","5.7","","0.0","","1.6","","0.0","","1.6","","0","","","","<31",""
"-123.18","49.20","VANCOUVER INT'L A","1108447","1998-10-05","1998","10","05","","15.4","","11.4","","13.4","","4.6","","0.0","","0.2","","0.0","","0.2","","0","","","","<31",""
"-123.18","49.20","VANCOUVER INT'L A","1108447","1998-10-06","1998","10","06","","17.6","","10.5","","14.1","","3.9","","0.0","","0.0","","0.0","","0.0","","0","","","","<31",""
"-123.18","49.20","VANCOUVER INT'L A","1108447","1998-10-07","1998","10","07","","20.5","","9.8","","15.2","","2.8","","0.0","","0.0","","0.0","","0.0","","0","","","","<31",""
"-123.18","49.20","VANCOUVER INT'L A","1108447","1998-10-08","1998","10","08","","14.8","","10.2","","12.5","","5.5","","0.0","","6.2","","0.0","","6.2","","0","","13","E","48","E"
"-123.18","49.20","VANCOUVER INT'L A","1108447","1998-10-09","1998","10","09","","13.4","","10.0","","11.7","","6.3","","0.0","","2.0","","0.0","","2.0","","0","","","","<31",""
"-123.18","49.20","VANCOUVER INT'L A","1108447","1998-10-10","1998","10","10","","13.6","","9.4","","11.5","","6.5","","0.0","","0.6","","0.0","","0.6","","0","","","","<31",""
"-123.18","49.20","VANCOUVER INT'L A","1108447","1998-10-11","1998","10","11","","18.3","","7.0","","12.7","","5.3","","0.0","","0.6","","0.0","","0.6","","0","","","","<31",""
"-123.18","49.20","VANCOUVER INT'L A","1108447","1998-10-12","1998","10","12","","13.8","","10.8","","12.3","","5.7","","0.0","","19.0","","0.0","","19.0","","0","","9","E","44","E"
"-123.18","49.20","VANCOUVER INT'L A","1108447","1998-10-13","1998","10","13","","15.1","","10.5","","12.8","","5.2","","0.0","","7.1","","0.0","","7.1","","0","","15","E","35","E"
"-123.18","49.20","VANCOUVER INT'L A","1108447","1998-10-14","1998","10","14","","14.4","","8.2","","11.3","","6.7","","0.0","","15.4","","0.0","","15.4","","0","","","","<31",""
"-123.18","49.20","VANCOUVER INT'L A","1108447","1998-10-15","1998","10","15","","12.2","","6.5","","9.4","","8.6","","0.0","","0.0","","0.0","","0.0","","0","","","","<31",""
"-123.18","49.20","VANCOUVER INT'L A","1108447","1998-10-16","1998","10","16","","11.7","","5.3","","8.5","","9.5","","0.0","","2.7","","0.0","","2.7","","0","","","","<31",""
"-123.18","49.20","VANCOUVER INT'L A","1108447","1998-10-17","1998","10","17","","13.0","","6.5","","9.8","","8.2","","0.0","","8.5","","0.0","","8.5","","0","","29","E","57","E"
"-123.18","49.20","VANCOUVER INT'L A","1108447","1998-10-18","1998","10","18","","12.3","","5.0","","8.7","","9.3","","0.0","","0.0","","0.0","","0.0","","0","","","","<31",""
"-123.18","49.20","VANCOUVER INT'L A","1108447","1998-10-19","1998","10","19","","12.4","","3.0","","7.7","","10.3","","0.0","","0.0","","0.0","","0.0","","0","","","","<31",""
"-123.18","49.20","VANCOUVER INT'L A","1108447","1998-10-20","1998","10","20","","14.8","","4.0","","9.4","","8.6","","0.0","","0.0","","0.0","","0.0","","0","","","","<31",""
"-123.18","49.20","VANCOUVER INT'L A","1108447","1998-10-21","1998","10","21","","15.0","","4.2","","9.6","","8.4","","0.0","","0.0","","0.0","","0.0","","0","","","","<31",""
"-123.18","49.20","VANCOUVER INT'L A","1108447","1998-10-22","1998","10","22","","15.4","","3.4","","9.4","","8.6","","0.0","","0.0","","0.0","","0.0","","0","","","","<31",""
"-123.18","49.20","VANCOUVER INT'L A","1108447","1998-10-23","1998","10","23","","14.6","","5.9","","10.3","","7.7","","0.0","","0.0","","0.0","","0.0","","0","","","","<31",""
"-123.18","49.20","VANCOUVER INT'L A","1108447","1998-10-24","1998","10","24","","14.0","","4.2","","9.1","","8.9","","0.0","","0.0","T","0.0","","0.0","T","0","","","","<31",""
"-123.18","49.20","VANCOUVER INT'L A","1108447","1998-10-25","1998","10","25","","14.7","","10.0","","12.4","","5.6","","0.0","","1.0","","0.0","","1.0","","0","","","","<31",""
"-123.18","49.20","VANCOUVER INT'L A","1108447","1998-10-26","1998","10","26","","17.0","","8.5","","12.8","","5.2","","0.0","","1.0","","0.0","","1.0","","0","","","","<31",""
"-123.18","49.20","VANCOUVER INT'L A","1108447","1998-10-27","1998","10","27","","11.7","","6.2","","9.0","","9.0","","0.0","","4.0","","0.0","","4.0","","0","","27","E","67","E"
"-123.18","49.20","VANCOUVER INT'L A","1108447","1998-10-28","1998","10","28","","11.7","","4.8","","8.3","","9.7","","0.0","","0.0","","0.0","","0.0","","0","","","","<31",""
"-123.18","49.20","VANCOUVER INT'L A","1108447","1998-10-29","1998","10","29","","12.4","","3.8","","8.1","","9.9","","0.0","","0.0","","0.0","","0.0","","0","","","","<31",""
"-123.18","49.20","VANCOUVER INT'L A","1108447","1998-10-30","1998","10","30","","10.3","","3.5","","6.9","","11.1","","0.0","","0.0","","0.0","","0.0","","0","","","","<31",""
"-123.18","49.20","VANCOUVER INT'L A","1108447","1998-10-31","1998","10","31","","12.0","","8.2","","10.1","","7.9","","0.0","","6.0","","0.0","","6.0","","0","","10","E","39","E"
"-123.18","49.20","VANCOUVER INT'L A","1108447","1998-11-01","1998","11","01","","12.9","","9.0","","11.0","","7.0","","0.0","","2.0","","0.0","","2.0","","0","","","","<31",""
"-123.18","49.20","VANCOUVER INT'L A","1108447","1998-11-02","1998","11","02","","11.6","","7.3","","9.5","","8.5","","0.0","","1.8","","0.0","","1.8","","0","","","","<31",""
"-123.18","49.20","VANCOUVER INT'L A","1108447","1998-11-03","1998","11","03","","12.2","","5.2","","8.7","","9.3","","0.0","","0.6","","0.0","","0.6","","0","","","","<31",""
"-123.18","49.20","VANCOUVER INT'L A","1108447","1998-11-04","1998","11","04","","10.2","","8.9","","9.6","","8.4","","0.0","","9.0","","0.0","","9.0","","0","","","","<31",""
"-123.18","49.20","VANCOUVER INT'L A","1108447","1998-11-05","1998","11","05","","10.5","","7.4","","9.0","","9.0","","0.0","","5.0","","0.0","","5.0","","0","","","","<31",""
"-123.18","49.20","VANCOUVER INT'L A","1108447","1998-11-06","1998","11","06","","12.7","","3.5","","8.1","","9.9","","0.0","","0.0","","0.0","","0.0","","0","","","","<31",""
"-123.18","49.20","VANCOUVER INT'L A","1108447","1998-11-07","1998","11","07","","9.3","","1.9","","5.6","","12.4","","0.0","","0.0","","0.0","","0.0","","0","","30","","33",""
"-123.18","49.20","VANCOUVER INT'L A","1108447","1998-11-08","1998","11","08","","8.3","","3.6","","6.0","","12.0","","0.0","","0.0","","0.0","","0.0","","0","","","","<31",""
"-123.18","49.20","VANCOUVER INT'L A","1108447","1998-11-09","1998","11","09","","8.4","","5.6","","7.0","","11.0","","0.0","","0.8","","0.0","","0.8","","0","","","","<31",""
"-123.18","49.20","VANCOUVER INT'L A","1108447","1998-11-10","1998","11","10","","10.2","","4.4","","7.3","","10.7","","0.0","","1.6","","0.0","","1.6","","0","","","","<31",""
"-123.18","49.20","VANCOUVER INT'L A","1108447","1998-11-11","1998","11","11","","9.4","","2.1","","5.8","","12.2","","0.0","","0.0","T","0.0","","0.0","T","0","","","","<31",""
"-123.18","49.20","VANCOUVER INT'L A","1108447","1998-11-12","1998","11","12","","10.4","","6.7","","8.6","","9.4","","0.0","","27.2","","0.0","","27.2","","0","","16","E","61","E"
"-123.18","49.20","VANCOUVER INT'L A","1108447","1998-11-13","1998","11","13","","11.8","","10.1","","11.0","","7.0","","0.0","","4.2","","0.0","","4.2","","0","","16","E","54","E"
"-123.18","49.20","VANCOUVER INT'L A","1108447","1998-11-14","1998","11","14","","10.9","","9.5","","10.2","","7.8","","0.0","","42.6","","0.0","","42.6","","0","","11","E","37","E"
"-123.18","49.20","VANCOUVER INT'L A","1108447","1998-11-15","1998","11","15","","14.6","","9.3","","12.0","","6.0","","0.0","","25.6","","0.0","","25.6","","0","","17","E","63","E"
"-123.18","49.20","VANCOUVER INT'L A","1108447","1998-11-16","1998","11","16","","10.6","","6.5","","8.6","","9.4","","0.0","","9.9","","0.0","","9.9","","0","","17","E","67","E"
"-123.18","49.20","VANCOUVER INT'L A","1108447","1998-11-17","1998","11","17","","8.5","","1.7","","5.1","","12.9","","0.0","","0.4","","0.0","","0.4","","0","","","","<31",""
"-123.18","49.20","VANCOUVER INT'L A","1108447","1998-11-18","1998","11","18","","9.4","","3.7","","6.6","","11.4","","0.0","","0.2","","0.0","","0.2","","0","","","","<31",""
"-123.18","49.20","VANCOUVER INT'L A","1108447","1998-11-19","1998","11","19","","8.2","","4.8","","6.5","","11.5","","0.0","","2.4","","0.0","","2.4","","0","","10","","32",""
"-123.18","49.20","VANCOUVER INT'L A","1108447","1998-11-20","1998","11","20","","11.5","","7.2","","9.4","","8.6","","0.0","","25.4","","0.0","","25.4","","0","","16","E","56","E"
"-123.18","49.20","VANCOUVER INT'L A","1108447","1998-11-21","1998","11","21","","10.9","","5.9","","8.4","","9.6","","0.0","","11.2","","0.0","","11.2","","0","","14","E","46","E"
"-123.18","49.20","VANCOUVER INT'L A","1108447","1998-11-22","1998","11","22","","8.5","","6.5","","7.5","","10.5","","0.0","","12.8","","0.0","","12.8","","0","","18","E","39","E"
"-123.18","49.20","VANCOUVER INT'L A","1108447","1998-11-23","1998","11","23","","9.8","","3.9","","6.9","","11.1","","0.0","","2.6","","0.0","","2.6","","0","","8","E","59","E"
"-123.18","49.20","VANCOUVER INT'L A","1108447","1998-11-24","1998","11","24","","10.6","","6.6","","8.6","","9.4","","0.0","","8.6","","0.0","","8.6","","0","","14","E","85","E"
"-123.18","49.20","VANCOUVER INT'L A","1108447","1998-11-25","1998","11","25","","9.8","","7.7","","8.8","","9.2","","0.0","","19.5","","0.0","","19.5","","0","","15","E","67","E"
"-123.18","49.20","VANCOUVER INT'L A","1108447","1998-11-26","1998","11","26","","9.9","","6.2","","8.1","","9.9","","0.0","","7.6","","0.0","","7.6","","0","","24","E","46","E"
"-123.18","49.20","VANCOUVER INT'L A","1108447","1998-11-27","1998","11","27","","9.6","","5.8","","7.7","","10.3","","0.0","","7.2","","0.0","","7.2","","0","","","","<31",""
"-123.18","49.20","VANCOUVER INT'L A","1108447","1998-11-28","1998","11","28","","8.6","","2.8","","5.7","","12.3","","0.0","","2.2","","0.0","","2.2","","0","","","","<31",""
"-123.18","49.20","VANCOUVER INT'L A","1108447","1998-11-29","1998","11","29","","6.1","","3.1","","4.6","","13.4","","0.0","","21.2","","0.0","","21.2","","0","","8","E","37","E"
"-123.18","49.20","VANCOUVER INT'L A","1108447","1998-11-30","1998","11","30","","7.0","","2.7","","4.9","","13.1","","0.0","","0.0","T","0.0","","0.0","T","0","","","","<31",""
"-123.18","49.20","VANCOUVER INT'L A","1108447","1998-12-01","1998","12","01","","8.4","","2.6","","5.5","","12.5","","0.0","","1.8","","0.0","","1.8","","0","","14","","76",""
"-123.18","49.20","VANCOUVER INT'L A","1108447","1998-12-02","1998","12","02","","8.8","","3.5","","6.2","","11.8","","0.0","","2.6","","0.0","","2.6","","0","","21","","37",""
"-123.18","49.20","VANCOUVER INT'L A","1108447","1998-12-03","1998","12","03","","6.5","","2.1","","4.3","","13.7","","0.0","","0.2","","0.0","","0.2","","0","","","","<31",""
"-123.18","49.20","VANCOUVER INT'L A","1108447","1998-12-04","1998","12","04","","6.2","","2.7","","4.5","","13.5","","0.0","","0.0","","0.0","","0.0","","0","","","","<31",""
"-123.18","49.20","VANCOUVER INT'L A","1108447","1998-12-05","1998","12","05","","6.2","","1.7","","4.0","","14.0","","0.0","","25.6","","0.0","","25.6","","0","","12","","50",""
"-123.18","49.20","VANCOUVER INT'L A","1108447","1998-12-06","1998","12","06","","7.7","","1.7","","4.7","","13.3","","0.0","","3.8","","0.0","","3.8","","0","","29","","41",""
"-123.18","49.20","VANCOUVER INT'L A","1108447","1998-12-07","1998","12","07","","7.2","","3.7","","5.5","","12.5","","0.0","","10.1","","0.0","","10.1","","0","","16","","56",""
"-123.18","49.20","VANCOUVER INT'L A","1108447","1998-12-08","1998","12","08","","8.4","","0.5","","4.5","","13.5","","0.0","","1.0","","0.0","","1.0","","0","","","","<31",""
"-123.18","49.20","VANCOUVER INT'L A","1108447","1998-12-09","1998","12","09","","6.4","","4.7","","5.6","","12.4","","0.0","","2.6","","0.0","","2.6","","0","","","","<31",""
"-123.18","49.20","VANCOUVER INT'L A","1108447","1998-12-10","1998","12","10","","10.4","","4.1","","7.3","","10.7","","0.0","","10.4","","0.0","","10.4","","0","","10","E","33","E"
"-123.18","49.20","VANCOUVER INT'L A","1108447","1998-12-11","1998","12","11","","7.1","","5.3","","6.2","","11.8","","0.0","","10.2","","0.0","","10.2","","0","","","","<31",""
"-123.18","49.20","VANCOUVER INT'L A","1108447","1998-12-12","1998","12","12","","12.8","","6.2","","9.5","","8.5","","0.0","","40.5","","0.0","","40.5","","0","","14","","48",""
"-123.18","49.20","VANCOUVER INT'L A","1108447","1998-12-13","1998","12","13","","13.0","","5.1","","9.1","","8.9","","0.0","","18.1","","0.0","","18.1","","0","","28","","63",""
"-123.18","49.20","VANCOUVER INT'L A","1108447","1998-12-14","1998","12","14","","6.2","","3.4","","4.8","","13.2","","0.0","","3.6","","0.0","","3.6","","0","","28","","50",""
"-123.18","49.20","VANCOUVER INT'L A","1108447","1998-12-15","1998","12","15","","5.7","","3.4","","4.6","","13.4","","0.0","","11.6","","0.0","","11.6","","0","","8","E","39","E"
"-123.18","49.20","VANCOUVER INT'L A","1108447","1998-12-16","1998","12","16","","8.9","","5.2","","7.1","","10.9","","0.0","","4.0","","0.0","","4.0","","0","","","","<31",""
"-123.18","49.20","VANCOUVER INT'L A","1108447","1998-12-17","1998","12","17","","9.8","","-0.3","","4.8","","13.2","","0.0","","2.0","","0.0","","2.0","","0","","29","","82",""
"-123.18","49.20","VANCOUVER INT'L A","1108447","1998-12-18","1998","12","18","","6.5","","-3.3","","1.6","","16.4","","0.0","","0.0","","0.0","","0.0","","0","","","","<31",""
"-123.18","49.20","VANCOUVER INT'L A","1108447","1998-12-19","1998","12","19","","0.0","","-6.4","","-3.2","","21.2","","0.0","","0.0","","0.0","","0.0","","0","","7","","33",""
"-123.18","49.20","VANCOUVER INT'L A","1108447","1998-12-20","1998","12","20","","-2.5","","-9.7","","-6.1","","24.1","","0.0","","0.0","","0.0","","0.0","","0","","","","<31",""
"-123.18","49.20","VANCOUVER INT'L A","1108447","1998-12-21","1998","12","21","","-2.5","","-7.9","","-5.2","","23.2","","0.0","","0.0","","2.6","","1.4","","1","","8","","32",""
"-123.18","49.20","VANCOUVER INT'L A","1108447","1998-12-22","1998","12","22","","-1.9","","-9.6","","-5.8","","23.8","","0.0","","0.0","","0.0","","0.0","","0","T","","","<31",""
"-123.18","49.20","VANCOUVER INT'L A","1108447","1998-12-23","1998","12","23","","-2.0","","-8.7","","-5.4","","23.4","","0.0","","0.0","","10.4","","8.4","","0","T","","","<31",""
"-123.18","49.20","VANCOUVER INT'L A","1108447","1998-12-24","1998","12","24","","3.0","","-2.5","","0.3","","17.7","","0.0","","4.6","","20.6","","23.7","","20","","","","<31",""
"-123.18","49.20","VANCOUVER INT'L A","1108447","1998-12-25","1998","12","25","","3.8","","1.1","","2.5","","15.5","","0.0","","14.2","","0.0","","14.2","","20","","30","","56",""
"-123.18","49.20","VANCOUVER INT'L A","1108447","1998-12-26","1998","12","26","","6.1","","1.6","","3.9","","14.1","","0.0","","2.6","","0.0","","2.6","","4","","27","","50",""
"-123.18","49.20","VANCOUVER INT'L A","1108447","1998-12-27","1998","12","27","","6.0","","2.4","","4.2","","13.8","","0.0","","28.0","","0.0","","28.0","","2","","7","","35",""
"-123.18","49.20","VANCOUVER INT'L A","1108447","1998-12-28","1998","12","28","","10.5","","4.4","","7.5","","10.5","","0.0","","3.2","","0.0","","3.2","","0","","20","","33",""
"-123.18","49.20","VANCOUVER INT'L A","1108447","1998-12-29","1998","12","29","","12.1","","5.9","","9.0","","9.0","","0.0","","22.2","","0.0","","22.2","","0","","27","","46",""
"-123.18","49.20","VANCOUVER INT'L A","1108447","1998-12-30","1998","12","30","","8.8","","2.6","","5.7","","12.3","","0.0","","0.2","","0.0","","0.2","","0","","","","<31",""
"-123.18","49.20","VANCOUVER INT'L A","1108447","1998-12-31","1998","12","31","","8.9","","4.8","","6.9","","11.1","","0.0","","1.6","","0.0","","1.6","","0","","27","E","48","E"
